{"cameraMode":{"drawMode":0,"name":"Shaded","section":"Shading Mode"},"sceneLighting":false,"audioPlay":false,"sceneViewState":{"showFog":true,"showMaterialUpdate":false,"showSkybox":false,"showFlares":true,"showImageEffects":true,"showParticleSystems":true},"in2DMode":false,"pivot":{"x":56.62910079956055,"y":27.186473846435548,"z":29.04953384399414},"rotation":{"x":-0.09405907243490219,"y":0.7416356205940247,"z":-0.10640505701303482,"w":-0.6555970907211304},"size":57.888004302978519,"orthographic":true}