{"cameraMode":{"drawMode":0,"name":"Shaded","section":"Shading Mode"},"sceneLighting":false,"audioPlay":false,"sceneViewState":{"showFog":true,"showMaterialUpdate":false,"showSkybox":false,"showFlares":true,"showImageEffects":true,"showParticleSystems":true},"in2DMode":false,"pivot":{"x":28.04462432861328,"y":9.217100143432618,"z":7.397043228149414},"rotation":{"x":-0.12510636448860169,"y":-0.09361100196838379,"z":0.011857613921165467,"w":-0.9876461029052734},"size":901.287353515625,"orthographic":true}