{"cameraMode":{"drawMode":0,"name":"Shaded","section":"Shading Mode"},"sceneLighting":false,"audioPlay":false,"sceneViewState":{"showFog":true,"showMaterialUpdate":false,"showSkybox":false,"showFlares":true,"showImageEffects":true,"showParticleSystems":true},"in2DMode":false,"pivot":{"x":-0.0000100000761449337,"y":0.005000000819563866,"z":0.00011999998241662979},"rotation":{"x":-0.0009782545967027546,"y":0.9988011717796326,"z":-0.043475329875946048,"w":-0.02247670292854309},"size":0.02857908606529236,"orthographic":true}