{"cameraMode":{"drawMode":0,"name":"Shaded","section":"Shading Mode"},"sceneLighting":false,"audioPlay":false,"sceneViewState":{"showFog":true,"showMaterialUpdate":false,"showSkybox":false,"showFlares":true,"showImageEffects":true,"showParticleSystems":true},"in2DMode":false,"pivot":{"x":0.054508451372385028,"y":0.8259999752044678,"z":1.9542560577392579},"rotation":{"x":0.0006056090933270752,"y":0.9988966584205627,"z":-0.044980958104133609,"w":0.013485732488334179},"size":22.0,"orthographic":true}