{"cameraMode":{"drawMode":0,"name":"Shaded","section":"Shading Mode"},"sceneLighting":false,"audioPlay":false,"sceneViewState":{"showFog":true,"showMaterialUpdate":false,"showSkybox":false,"showFlares":true,"showImageEffects":true,"showParticleSystems":true},"in2DMode":false,"pivot":{"x":21.57041358947754,"y":9.385345458984375,"z":-31.107019424438478},"rotation":{"x":0.03381113335490227,"y":0.9596293568611145,"z":-0.1318090707063675,"w":0.2461598962545395},"size":48.56694412231445,"orthographic":false}