{"cameraMode":{"drawMode":0,"name":"Shaded","section":"Shading Mode"},"sceneLighting":false,"audioPlay":false,"sceneViewState":{"showFog":true,"showMaterialUpdate":false,"showSkybox":false,"showFlares":true,"showImageEffects":true,"showParticleSystems":true},"in2DMode":false,"pivot":{"x":-0.3558349609375,"y":-0.01104736328125,"z":-0.246826171875},"rotation":{"x":-0.017753329128026964,"y":0.6726157665252686,"z":-0.016146687790751458,"w":-0.7396026849746704},"size":1.6848325729370118,"orthographic":true}