{"cameraMode":{"drawMode":0,"name":"Shaded","section":"Shading Mode"},"sceneLighting":false,"audioPlay":false,"sceneViewState":{"showFog":true,"showMaterialUpdate":false,"showSkybox":false,"showFlares":true,"showImageEffects":true,"showParticleSystems":true},"in2DMode":false,"pivot":{"x":0.42742919921875,"y":0.2073974609375,"z":0.2998046875},"rotation":{"x":-0.013546648435294629,"y":0.7631791234016419,"z":-0.01604527048766613,"w":-0.6458457708358765},"size":0.8497622013092041,"orthographic":true}