{"cameraMode":{"drawMode":0,"name":"Shaded","section":"Shading Mode"},"sceneLighting":false,"audioPlay":false,"sceneViewState":{"showFog":true,"showMaterialUpdate":false,"showSkybox":false,"showFlares":true,"showImageEffects":true,"showParticleSystems":true},"in2DMode":false,"pivot":{"x":-0.0875244140625,"y":0.495361328125,"z":-0.170654296875},"rotation":{"x":-0.22451327741146089,"y":-0.021634496748447419,"z":0.00498579815030098,"w":-0.9742181301116943},"size":1.917123794555664,"orthographic":true}