{"cameraMode":{"drawMode":0,"name":"Shaded","section":"Shading Mode"},"sceneLighting":true,"audioPlay":false,"sceneViewState":{"showFog":true,"showMaterialUpdate":false,"showSkybox":true,"showFlares":true,"showImageEffects":true,"showParticleSystems":true},"in2DMode":false,"pivot":{"x":-0.577484130859375,"y":0.55303955078125,"z":-0.353515625},"rotation":{"x":0.003621569136157632,"y":0.9961764216423035,"z":-0.050849080085754397,"w":0.07094975560903549},"size":4.053689956665039,"orthographic":true}