{"cameraMode":{"drawMode":0,"name":"Shaded","section":"Shading Mode"},"sceneLighting":false,"audioPlay":false,"sceneViewState":{"showFog":true,"showMaterialUpdate":false,"showSkybox":false,"showFlares":true,"showImageEffects":true,"showParticleSystems":true},"in2DMode":false,"pivot":{"x":-0.261505126953125,"y":0.35516357421875,"z":0.09228515625},"rotation":{"x":-0.0005281976191326976,"y":0.9974878430366516,"z":-0.07043984532356262,"w":-0.007481081411242485},"size":1.1449253559112549,"orthographic":true}