{"cameraMode":{"drawMode":0,"name":"Shaded","section":"Shading Mode"},"sceneLighting":false,"audioPlay":false,"sceneViewState":{"showFog":true,"showMaterialUpdate":false,"showSkybox":false,"showFlares":true,"showImageEffects":true,"showParticleSystems":true},"in2DMode":false,"pivot":{"x":-10.736737251281739,"y":-0.2609739303588867,"z":-1.1495451927185059},"rotation":{"x":0.009632371366024018,"y":-0.7006548047065735,"z":0.00945842545479536,"w":0.7133727073669434},"size":13.326939582824707,"orthographic":false}