{"cameraMode":{"drawMode":0,"name":"Shaded","section":"Shading Mode"},"sceneLighting":false,"audioPlay":false,"sceneViewState":{"showFog":true,"showMaterialUpdate":false,"showSkybox":false,"showFlares":true,"showImageEffects":true,"showParticleSystems":true},"in2DMode":false,"pivot":{"x":0.49779438972473147,"y":1.275156021118164,"z":-0.15755784511566163},"rotation":{"x":-0.07482558488845825,"y":0.7062572836875916,"z":-0.07550206780433655,"w":-0.6999294757843018},"size":7.8006672859191898,"orthographic":false}