{"cameraMode":{"drawMode":0,"name":"Shaded","section":"Shading Mode"},"sceneLighting":false,"audioPlay":false,"sceneViewState":{"showFog":true,"showMaterialUpdate":false,"showSkybox":false,"showFlares":true,"showImageEffects":true,"showParticleSystems":true},"in2DMode":false,"pivot":{"x":1.740511178970337,"y":6.342218399047852,"z":0.5496994256973267},"rotation":{"x":-0.05330947786569595,"y":0.8322216868400574,"z":-0.08145421743392945,"w":-0.5458300709724426},"size":18.901100158691408,"orthographic":false}